epoch,train_loss,train_accuracy,val_loss,val_accuracy
1,1.899384277207511,0.2392857142857143,1.623380402156285,0.37142857142857144
2,0.748292110647474,0.875,1.1402680839811052,0.7
3,0.32474507774625505,0.9928571428571429,0.9135789752006531,0.7285714285714285
4,0.14808822189058576,1.0,0.7974126287869044,0.7428571428571429
5,0.06988477792058673,1.0,0.7431437288011823,0.7714285714285715
