epoch,train_loss,train_accuracy,val_loss,val_accuracy
1,1.4496122462408882,0.4928571428571429,1.0684057950973511,0.6857142857142857
2,0.33099227803094045,0.9678571428571429,0.7794726133346558,0.7428571428571429
3,0.11475290677377156,1.0,0.6690100158963884,0.8
4,0.05147360148174422,1.0,0.6434781176703317,0.7857142857142857
5,0.030021973699331284,1.0,0.6137122597013202,0.8142857142857143
