epoch,train_loss,train_accuracy,val_loss,val_accuracy
1,1.6177391018186296,0.4,1.3492122207369124,0.5142857142857142
2,0.3762927617345537,0.95,1.094896640096392,0.7
3,0.13321602429662432,0.9964285714285714,1.0780802147729056,0.6857142857142857
4,0.06568915716239385,1.0,1.0937036548342023,0.6857142857142857
5,0.053245822553123746,1.0,1.157346340588161,0.6571428571428571
