epoch,train_loss,train_accuracy,val_loss,val_accuracy
1,1.848142375264849,0.26785714285714285,1.578204131126404,0.42857142857142855
2,0.8539236801011222,0.8857142857142857,1.2518963626452855,0.5428571428571428
3,0.43386183040482657,0.9857142857142858,1.0577718649591719,0.6285714285714286
4,0.22403841529573712,0.9964285714285714,0.9632900638239724,0.6714285714285714
5,0.1143958227975028,0.9964285714285714,0.8851843893527984,0.7142857142857143
