epoch,train_loss,train_accuracy,val_loss,val_accuracy
1,1.4252603377614703,0.475,1.1952673605510167,0.6857142857142857
2,0.4490299207823617,0.9571428571428572,0.7298399227006095,0.7857142857142857
3,0.14356645409549987,0.9892857142857143,0.6833774719919478,0.7428571428571429
4,0.07473371678165026,1.0,0.6308308856827872,0.7571428571428571
5,0.03274926681603704,1.0,0.5963162950107029,0.7857142857142857
