epoch,train_loss,train_accuracy,val_loss,val_accuracy
1,1.6783417599541801,0.3357142857142857,1.2971551895141602,0.5571428571428572
2,0.44361237457820346,0.9464285714285714,1.0099938937595911,0.6285714285714286
3,0.17479187697172166,1.0,0.9319354721478054,0.6428571428571429
4,0.06919223921639579,1.0,0.9010500618389674,0.6714285714285714
5,0.0456982111292226,1.0,0.882781159877777,0.6714285714285714
