epoch,train_loss,train_accuracy,val_loss,val_accuracy
1,1.6306684494018555,0.3964285714285714,1.3392042977469307,0.5285714285714286
2,0.5911585032939911,0.9214285714285714,0.9948275395802089,0.6142857142857143
3,0.2315317187990461,0.9928571428571429,0.9003300360270909,0.6571428571428571
4,0.08771683595010213,1.0,0.8729804481778826,0.6428571428571429
5,0.04428224191069603,1.0,0.8495559590203422,0.6857142857142857
