epoch,train_loss,train_accuracy,val_loss,val_accuracy
1,1.599268855367388,0.45357142857142857,1.215016736303057,0.6285714285714286
2,0.4456626645156315,0.9714285714285714,0.9227941938808986,0.6714285714285714
3,0.17887589931488038,0.9964285714285714,0.8577065195356096,0.7428571428571429
4,0.058679903085742675,1.0,0.8334123832838876,0.7
5,0.03681921416095325,1.0,0.8125398090907505,0.6857142857142857
