epoch,train_loss,train_accuracy,val_loss,val_accuracy
1,1.807086099897112,0.32142857142857145,1.7056824718202863,0.32857142857142857
2,0.611020701272147,0.9428571428571428,1.3192297628947667,0.4714285714285714
3,0.2817953365189689,1.0,1.0313155736242021,0.5714285714285714
4,0.13269032239913942,1.0,0.8260793498584202,0.7428571428571429
5,0.06831026002764702,1.0,0.7152320197650365,0.7714285714285715
