epoch,train_loss,train_accuracy,val_loss,val_accuracy
1,3.4051335675375802,0.19285714285714287,39687.87159598214,0.11428571428571428
2,2.415948942729405,0.1392857142857143,977.0549455915178,0.1
3,2.3695540291922432,0.13214285714285715,2.441683142525809,0.2857142857142857
4,2.3940827914646694,0.15,2.1211334364754815,0.18571428571428572
5,2.227999292101179,0.16428571428571428,2.0354866640908376,0.04285714285714286
