epoch,train_loss,train_accuracy,val_loss,val_accuracy
1,4.018682479858398,0.14285714285714285,27406145.257142857,0.14285714285714285
2,2.3933239255632675,0.1357142857142857,155467.8482142857,0.14285714285714285
3,2.166746541431972,0.1392857142857143,13573.075641741072,0.15714285714285714
4,2.191042045184544,0.2,2439.879080636161,0.14285714285714285
5,2.196214464732579,0.21785714285714286,175.47786342075892,0.02857142857142857
