epoch,train_loss,train_accuracy,val_loss,val_accuracy
1,2.8579826831817625,0.2,341613.4428571428,0.14285714285714285
2,2.5415099212101526,0.20357142857142857,1048.889634486607,0.17142857142857143
3,2.3022180352892194,0.26071428571428573,11.826622799464635,0.18571428571428572
4,2.0128603730882917,0.29642857142857143,7.91468118940081,0.38571428571428573
5,1.8773536920547484,0.2857142857142857,3.1640383209500995,0.24285714285714285
