epoch,train_loss,train_accuracy,val_loss,val_accuracy
1,3.2720758574349538,0.16071428571428573,317347.10714285716,0.18571428571428572
2,2.2524118661880492,0.19642857142857142,2790.597011021205,0.08571428571428572
3,2.10441620690482,0.16071428571428573,11.744593061719621,0.22857142857142856
4,1.97223356791905,0.19285714285714287,9.179264177594867,0.1
5,2.0270812715802875,0.2,6.787689794812883,0.18571428571428572
