epoch,train_loss,train_accuracy,val_loss,val_accuracy
1,3.2117433888571605,0.14642857142857144,2359094.975,0.15714285714285714
2,2.269987119947161,0.18571428571428572,122187.38839285714,0.17142857142857143
3,2.131602529117039,0.14285714285714285,4425.97470703125,0.21428571428571427
4,2.072669243812561,0.23214285714285715,251.2179460797991,0.2714285714285714
5,1.9916891574859619,0.19642857142857142,23.713372571127756,0.12857142857142856
