epoch,train_loss,train_accuracy,val_loss,val_accuracy
1,3.5900843143463135,0.11785714285714285,3775701.8,0.11428571428571428
2,2.512260981968471,0.15357142857142858,195670.5294642857,0.14285714285714285
3,2.2235673904418944,0.175,10806.572823660714,0.11428571428571428
4,2.1030714545931133,0.14642857142857144,19.099172864641464,0.17142857142857143
5,2.089176777430943,0.15714285714285714,134.8500688825335,0.1
