epoch,train_loss,train_accuracy,val_loss,val_accuracy
1,3.261641250337873,0.19642857142857142,926.882701764788,0.14285714285714285
2,2.32521561895098,0.15,7.472042001996722,0.18571428571428572
3,2.21199277809688,0.25357142857142856,2.309661797114781,0.18571428571428572
4,1.9338225637163435,0.28214285714285714,1.745322094644819,0.2571428571428571
5,1.8783010414668493,0.2785714285714286,1.9626056603022983,0.2857142857142857
