epoch,train_loss,train_accuracy,val_loss,val_accuracy
1,3.62030611038208,0.16428571428571428,14810.520424107142,0.12857142857142856
2,2.719610343660627,0.16071428571428573,40.85007509504046,0.08571428571428572
3,2.5203721863882884,0.23214285714285715,2.0982549360820224,0.1
4,2.140072880472456,0.2,2.3054445675441197,0.18571428571428572
5,2.1345131601606098,0.21428571428571427,1.8973694222314017,0.2571428571428571
