epoch,train_loss,train_accuracy,val_loss,val_accuracy
1,3.118651383263724,0.13214285714285715,703.9672502790179,0.18571428571428572
2,2.7036266122545514,0.175,171.68655460902622,0.07142857142857142
3,2.2166951520102365,0.19285714285714287,3.413319035938808,0.17142857142857143
4,2.0468727724892752,0.16785714285714284,2.005382721764701,0.12857142857142856
5,1.9358717135020664,0.16071428571428573,25.069739474569047,0.18571428571428572
