epoch,train_loss,train_accuracy,val_loss,val_accuracy
1,1.3077689681734357,0.55,6.828016907828195,0.3
2,0.5380179354122707,0.8035714285714286,5.229860918862479,0.38571428571428573
3,0.1861834006650107,0.95,3.370439638410296,0.4142857142857143
4,0.09883827843836375,0.9678571428571429,3.2188837596348354,0.5285714285714286
5,0.07536931825535638,0.9785714285714285,1.5712312459945679,0.6428571428571429
