epoch,train_loss,train_accuracy,val_loss,val_accuracy
1,1.4949840545654296,0.5107142857142857,11.38074801308768,0.2714285714285714
2,0.8653225779533387,0.6821428571428572,1.3222145898001534,0.5142857142857142
3,0.451599281174796,0.8357142857142857,3.1256779977253504,0.42857142857142855
4,0.3621902810675757,0.8678571428571429,3.1203476428985595,0.2857142857142857
5,0.42780439683369226,0.85,1.9567925657544818,0.5
