epoch,train_loss,train_accuracy,val_loss,val_accuracy
1,1.5155827556337629,0.4928571428571429,23.98780588422503,0.32857142857142857
2,0.8861010432243347,0.7214285714285714,1.3766718830381122,0.5
3,0.4340184633220945,0.8642857142857143,2.6085802691323416,0.42857142857142855
4,0.45584788577897206,0.8428571428571429,3.561337505068098,0.4142857142857143
5,0.4114819437265396,0.85,2.3204183510371617,0.5
