epoch,train_loss,train_accuracy,val_loss,val_accuracy
1,1.4176263843263899,0.49642857142857144,6.718957383292062,0.3
2,0.3772504840578352,0.8678571428571429,3.97993517603193,0.42857142857142855
3,0.17975115265165056,0.9535714285714286,3.935767664228167,0.5428571428571428
4,0.13235789367130824,0.9678571428571429,3.9310699939727782,0.45714285714285713
5,0.1406452263040202,0.9571428571428572,3.613658469063895,0.4142857142857143
