epoch,train_loss,train_accuracy,val_loss,val_accuracy
1,1.2500320519719805,0.5285714285714286,2.6237709113529752,0.5
2,0.2870853543281555,0.9142857142857143,6.148793738228934,0.37142857142857144
3,0.15722100947584425,0.9571428571428572,1.346981348310198,0.6857142857142857
4,0.09695251924651009,0.9785714285714285,1.992305874824524,0.6142857142857143
5,0.11431411994355066,0.975,1.1910310336521694,0.7
