epoch,train_loss,train_accuracy,val_loss,val_accuracy
1,1.438459931101118,0.49642857142857144,8.827902657645089,0.15714285714285714
2,0.6884325316974095,0.7785714285714286,3.1844042233058385,0.5571428571428572
3,0.307501540013722,0.9321428571428572,1.7857614483152118,0.6142857142857143
4,0.11775283004556383,0.9678571428571429,2.1754218016351974,0.5285714285714286
5,0.1477930024266243,0.9535714285714286,1.0360789614064352,0.6857142857142857
