epoch,train_loss,train_accuracy,val_loss,val_accuracy
1,1.2762973683221,0.5178571428571429,7.060866151537214,0.2571428571428571
2,0.48172305822372435,0.85,8.567533826828003,0.2714285714285714
3,0.2577613828437669,0.9178571428571428,2.4765780993870328,0.5142857142857142
4,0.1444703766277858,0.9642857142857143,0.9019648773329598,0.7571428571428571
5,0.1318236781018121,0.9642857142857143,3.0438120365142822,0.5
