epoch,train_loss,train_accuracy,val_loss,val_accuracy
1,1.8499056475503104,0.45357142857142857,6.762666511535644,0.37142857142857144
2,0.8411896416119167,0.7392857142857143,1.742300694329398,0.5428571428571428
3,0.5977403453418186,0.7785714285714286,1.7643913064684187,0.5857142857142857
4,0.328189069884164,0.9071428571428571,1.1460572072437831,0.6428571428571429
5,0.35626113670212883,0.8642857142857143,3.069020850317819,0.3142857142857143
