epoch,train_loss,train_accuracy,val_loss,val_accuracy
1,1.3470569235937937,0.4785714285714286,5.800050984110151,0.2571428571428571
2,0.4285084281648908,0.8642857142857143,6.558054706028529,0.21428571428571427
3,0.22526851296424866,0.925,2.849873495101929,0.5142857142857142
4,0.11391141308205469,0.9678571428571429,2.807201521737235,0.5
5,0.06450990417173931,0.9714285714285714,2.42492504801069,0.5
